id;kode_bendungan;nama_bendungan;nama_balai;nama_pulau;;;;
54;BD001;NAWANGAN;BBWS BENGAWAN SOLO;JAWA;;;;
53;BD002;NGANCAR;BBWS BENGAWAN SOLO;JAWA;;;;
320;BD003;PIDEKSO;BBWS BENGAWAN SOLO;JAWA;;;;
51;BD004;PLUMBON;BBWS BENGAWAN SOLO;JAWA;;;;
50;BD005;SONG PUTRI;BBWS BENGAWAN SOLO;JAWA;;;;
201;BD006;JOMBOR;BBWS BENGAWAN SOLO;JAWA;;;;
62;BD007;KEDUNG ULING;BBWS BENGAWAN SOLO;JAWA;;;;
56;BD008;KRISAK;BBWS BENGAWAN SOLO;JAWA;;;;
63;BD009;MULUR;BBWS BENGAWAN SOLO;JAWA;;;;
55;BD010;PARANGJOHO;BBWS BENGAWAN SOLO;JAWA;;;;
59;BD011;CENGKLIK;BBWS BENGAWAN SOLO;JAWA;;;;
52;BD012;DELINGAN;BBWS BENGAWAN SOLO;JAWA;;;;
58;BD013;KETRO;BBWS BENGAWAN SOLO;JAWA;;;;
81;BD014;LALUNG;BBWS BENGAWAN SOLO;JAWA;;;;
208;BD015;GEMBONG_;BBWS BENGAWAN SOLO;JAWA;;;;
195;BD016;BLIMBING;BBWS BENGAWAN SOLO;JAWA;;;;
60;BD017;BOTOK;BBWS BENGAWAN SOLO;JAWA;;;;
196;BD018;BRAMBANG;BBWS BENGAWAN SOLO;JAWA;;;;
57;BD019;GEBYAR;BBWS BENGAWAN SOLO;JAWA;;;;
61;BD020;KEMBANGAN;BBWS BENGAWAN SOLO;JAWA;;;;
307;BD021;GONDANG 2;BBWS BENGAWAN SOLO;JAWA;;;;
316;BD022;BENDO;BBWS BENGAWAN SOLO;JAWA;;;;
64;BD023;GONGGANG;BBWS BENGAWAN SOLO;JAWA;;;;
74;BD024;TELAGA PASIR;BBWS BENGAWAN SOLO;JAWA;;;;
311;BD025;TUKUL;BBWS BENGAWAN SOLO;JAWA;;;;
75;BD026;DAWUHAN;BBWS BENGAWAN SOLO;JAWA;;;;
71;BD027;KEDUNG BRUBUS;BBWS BENGAWAN SOLO;JAWA;;;;
76;BD028;NOTOPURO;BBWS BENGAWAN SOLO;JAWA;;;;
77;BD029;SARADAN;BBWS BENGAWAN SOLO;JAWA;;;;
72;BD030;KEDUNG BENDO;BBWS BENGAWAN SOLO;JAWA;;;;
66;BD031;PONDOK;BBWS BENGAWAN SOLO;JAWA;;;;
69;BD032;SANGIRAN;BBWS BENGAWAN SOLO;JAWA;;;;
67;BD033;GONDANG;BBWS BENGAWAN SOLO;JAWA;;;;
318;BD034;GONGSENG;BBWS BENGAWAN SOLO;JAWA;;;;
65;BD035;PACAL;BBWS BENGAWAN SOLO;JAWA;;;;
70;BD036;PRIJETAN;BBWS BENGAWAN SOLO;JAWA;;;;
97;BD037;BAJULMATI;BBWS BRANTAS;JAWA;;;;
87;BD038;SAMPEAN BARU;BBWS BRANTAS;JAWA;;;;
96;BD039;NIPAH;BBWS BRANTAS;JAWA;;;;
90;BD040;NGEPEH;BBWS BRANTAS;JAWA;;;;
319;BD041;TUGU;BBWS BRANTAS;JAWA;;;;
93;BD042;KEDUNG SENGON;BBWS BRANTAS;JAWA;;;;
92;BD043;ORO-ORO OMBO;BBWS BRANTAS;JAWA;;;;
333;BD044;SEMANTOK;BBWS BRANTAS;JAWA;;;;
91;BD045;SUMBER KEPUH;BBWS BRANTAS;JAWA;;;;
94;BD046;WR. JENGGOT/GROJOKAN;BBWS BRANTAS;JAWA;;;;
301;BD047;SINDANG HEULA;BBWS CIDANAU CIUJUNG CIDURIAN;JAWA;;;;
28;BD048;SITU BOLANG;BBWS CIMANUK CISANGGARUNG;JAWA;;;;
27;BD049;SITU RANCA BEUREUM;BBWS CIMANUK CISANGGARUNG;JAWA;;;;
30;BD050;JATIGEDE;BBWS CIMANUK CISANGGARUNG;JAWA;;;;
25;BD051;SITU PATOK;BBWS CIMANUK CISANGGARUNG;JAWA;;;;
26;BD052;SITU SEDONG;BBWS CIMANUK CISANGGARUNG;JAWA;;;;
3;BD053;DARMA;BBWS CIMANUK CISANGGARUNG;JAWA;;;;
315;BD054;KUNINGAN;BBWS CIMANUK CISANGGARUNG;JAWA;;;;
29;BD055;MALAHAYU;BBWS CIMANUK CISANGGARUNG;JAWA;;;;
332;BD056;SADAWARNA;BBWS CITARUM;JAWA;;;;
8;BD057;BATU TEGI;BBWS MESUJI SEKAMPUNG;SUMATERA;;;;
314;BD058;WAY SEKAMPUNG;BBWS MESUJI SEKAMPUNG;SUMATERA;;;;
6;BD059;WAY JEPARA;BBWS MESUJI SEKAMPUNG;SUMATERA;;;;
7;BD060;WAY RAREM;BBWS MESUJI SEKAMPUNG;SUMATERA;;;;
173;BD061;JAMBU;BBWS NT I;BALINUSRA;;;;
169;BD062;KEMPO;BBWS NT I;BALINUSRA;;;;
167;BD063;KESI;BBWS NT I;BALINUSRA;;;;
171;BD064;LANANGGA;BBWS NT I;BALINUSRA;;;;
174;BD065;LASI II;BBWS NT I;BALINUSRA;;;;
303;BD066;MILA;BBWS NT I;BALINUSRA;;;;
162;BD067;SANEO;BBWS NT I;BALINUSRA;;;;
132;BD068;SANGGUPASANTE;BBWS NT I;BALINUSRA;;;;
114;BD069;SONCOLOPI;BBWS NT I;BALINUSRA;;;;
302;BD070;TANJU;BBWS NT I;BALINUSRA;;;;
130;BD071;TONDA SELATAN;BBWS NT I;BALINUSRA;;;;
170;BD072;KOWO;BBWS NT I;BALINUSRA;;;;
142;BD073;LAJU;BBWS NT I;BALINUSRA;;;;
149;BD074;NCERA;BBWS NT I;BALINUSRA;;;;
165;BD075;OI TOI;BBWS NT I;BALINUSRA;;;;
131;BD076;PARADO KANCA;BBWS NT I;BALINUSRA;;;;
150;BD077;PELAPERADO;BBWS NT I;BALINUSRA;;;;
157;BD078;ROI ROKA;BBWS NT I;BALINUSRA;;;;
151;BD079;SUMI;BBWS NT I;BALINUSRA;;;;
144;BD080;TOLOTANGGA;BBWS NT I;BALINUSRA;;;;
168;BD081;WORO;BBWS NT I;BALINUSRA;;;;
119;BD082;BATU BOKAH;BBWS NT I;BALINUSRA;;;;
197;BD083;GEGURIK;BBWS NT I;BALINUSRA;;;;
124;BD084;JANGKIH JAWE;BBWS NT I;BALINUSRA;;;;
202;BD085;JURANG DAO;BBWS NT I;BALINUSRA;;;;
175;BD086;KENGKANG;BBWS NT I;BALINUSRA;;;;
137;BD087;PANCOR;BBWS NT I;BALINUSRA;;;;
139;BD088;SEPIT;BBWS NT I;BALINUSRA;;;;
164;BD089;TELAGA LEBUR;BBWS NT I;BALINUSRA;;;;
122;BD090;TIBU KUNING;BBWS NT I;BALINUSRA;;;;
126;BD091;GUNUNG PAOK;BBWS NT I;BALINUSRA;;;;
199;BD092;JAGO;BBWS NT I;BALINUSRA;;;;
138;BD093;MAPASAN;BBWS NT I;BALINUSRA;;;;
194;BD094;BATU TULIS;BBWS NT I;BALINUSRA;;;;
125;BD095;BATUJAI;BBWS NT I;BALINUSRA;;;;
120;BD096;BRINGE;BBWS NT I;BALINUSRA;;;;
198;BD097;INEN RATU;BBWS NT I;BALINUSRA;;;;
133;BD098;JELANTIK;BBWS NT I;BALINUSRA;;;;
140;BD099;PARE;BBWS NT I;BALINUSRA;;;;
205;BD100;PEJANGGIK;BBWS NT I;BALINUSRA;;;;
118;BD101;PENGGA;BBWS NT I;BALINUSRA;;;;
129;BD102;SURABAYA;BBWS NT I;BALINUSRA;;;;
203;BD103;KEMBAR II;BBWS NT I;BALINUSRA;;;;
121;BD104;BATU NAMPAR;BBWS NT I;BALINUSRA;;;;
135;BD105;KALI UJUNG;BBWS NT I;BALINUSRA;;;;
136;BD106;LINGKOK LAMUN;BBWS NT I;BALINUSRA;;;;
141;BD107;PANDANDURI;BBWS NT I;BALINUSRA;;;;
134;BD108;PENEDA GANDOR;BBWS NT I;BALINUSRA;;;;
206;BD109;PROPOK BATU TINJA;BBWS NT I;BALINUSRA;;;;
123;BD110;SENANG;BBWS NT I;BALINUSRA;;;;
207;BD111;TUNDAK;BBWS NT I;BALINUSRA;;;;
323;BD112;BINTANG BANO;BBWS NT I;BALINUSRA;;;;
313;BD113;MANTAR;BBWS NT I;BALINUSRA;;;;
341;BD114;TIU SUNTUK;BBWS NT I;BALINUSRA;;;;
334;BD115;BERINGIN SILA;BBWS NT I;BALINUSRA;;;;
115;BD116;PENYARING;BBWS NT I;BALINUSRA;;;;
154;BD117;PERNEK;BBWS NT I;BALINUSRA;;;;
145;BD118;MAMAK;BBWS NT I;BALINUSRA;;;;
172;BD119;MENGKOANG;BBWS NT I;BALINUSRA;;;;
148;BD120;OLAT RAWA;BBWS NT I;BALINUSRA;;;;
147;BD121;PEMASAR;BBWS NT I;BALINUSRA;;;;
117;BD122;SERADING;BBWS NT I;BALINUSRA;;;;
193;BD123;BANDA;BBWS NT I;BALINUSRA;;;;
152;BD124;BATU BULAN;BBWS NT I;BALINUSRA;;;;
155;BD125;BRANGKOLONG;BBWS NT I;BALINUSRA;;;;
153;BD126;GAPIT;BBWS NT I;BALINUSRA;;;;
166;BD127;KASWANGI;BBWS NT I;BALINUSRA;;;;
160;BD128;LAMENTA;BBWS NT I;BALINUSRA;;;;
127;BD129;MUER;BBWS NT I;BALINUSRA;;;;
156;BD130;SEJARI I;BBWS NT I;BALINUSRA;;;;
158;BD131;SELANTE;BBWS NT I;BALINUSRA;;;;
161;BD132;SEPAYUNG DALAM;BBWS NT I;BALINUSRA;;;;
146;BD133;TIU KULIT;BBWS NT I;BALINUSRA;;;;
312;BD134;NAPUNGETE;BBWS NT II;BALINUSRA;;;;
183;BD135;WAERITA;BBWS NT II;BALINUSRA;;;;
187;BD136;DANAU TUA;BBWS NT II;BALINUSRA;;;;
188;BD137;KAPALENGGA;BBWS NT II;BALINUSRA;;;;
179;BD138;MANUBULU;BBWS NT II;BALINUSRA;;;;
182;BD139;MATASIO;BBWS NT II;BALINUSRA;;;;
184;BD140;KARINGA;BBWS NT II;BALINUSRA;;;;
186;BD141;LOKOJANGE;BBWS NT II;BALINUSRA;;;;
304;BD142;RAKNAMO;BBWS NT II;BALINUSRA;;;;
177;BD143;TILONG;BBWS NT II;BALINUSRA;;;;
346;BD144;TEMEF;BBWS NT II;BALINUSRA;;;;
178;BD145;BENKOKO;BBWS NT II;BALINUSRA;;;;
176;BD146;HAEKRIT;BBWS NT II;BALINUSRA;;;;
180;BD147;HALIWEN;BBWS NT II;BALINUSRA;;;;
190;BD148;PADANG PANJANG;BBWS NT II;BALINUSRA;;;;
305;BD149;ROTIKLOT;BBWS NT II;BALINUSRA;;;;
32;BD150;CACABAN;BBWS PEMALI JUANA;JAWA;;;;
1;BD151;PENJALIN;BBWS PEMALI JUANA;JAWA;;;;
44;BD152;BUTAK;BBWS PEMALI JUANA;JAWA;;;;
31;BD153;KEDUNG OMBO;BBWS PEMALI JUANA;JAWA;;;;
35;BD154;NGLANGON;BBWS PEMALI JUANA;JAWA;;;;
43;BD155;SANGGEH;BBWS PEMALI JUANA;JAWA;;;;
42;BD156;SIMO;BBWS PEMALI JUANA;JAWA;;;;
39;BD157;BANYUKUWUNG;BBWS PEMALI JUANA;JAWA;;;;
33;BD158;GEMBONG;BBWS PEMALI JUANA;JAWA;;;;
41;BD159;GRENENG;BBWS PEMALI JUANA;JAWA;;;;
36;BD160;GUNUNG ROWO;BBWS PEMALI JUANA;JAWA;;;;
34;BD161;LODAN;BBWS PEMALI JUANA;JAWA;;;;
300;BD162;LOGUNG;BBWS PEMALI JUANA;JAWA;;;;
37;BD163;PANOHAN;BBWS PEMALI JUANA;JAWA;;;;
322;BD164;RANDU GUNTING;BBWS PEMALI JUANA;JAWA;;;;
2;BD165;TEMPURAN;BBWS PEMALI JUANA;JAWA;;;;
40;BD166;KLEGO;BBWS PEMALI JUANA;JAWA;;;;
110;BD167;BILI BILI;BBWS POMPENGAN JENEBERANG;SULAWESI;;;;
112;BD168;KALOLA;BBWS POMPENGAN JENEBERANG;SULAWESI;;;;
310;BD169;PASELLORENG;BBWS POMPENGAN JENEBERANG;SULAWESI;;;;
113;BD170;SALOMEKKO;BBWS POMPENGAN JENEBERANG;SULAWESI;;;;
111;BD171;PONRE PONRE;BBWS POMPENGAN JENEBERANG;SULAWESI;;;;
317;BD172;KARALLOE;BBWS POMPENGAN JENEBERANG;SULAWESI;;;;
343;BD173;PAMUKKULU;BBWS POMPENGAN JENEBERANG;SULAWESI;;;;
48;BD174;SEMPOR;BBWS SERAYU OPAK;JAWA;;;;
47;BD175;WADAS LINTANG;BBWS SERAYU OPAK;JAWA;;;;
46;BD176;SERMO;BBWS SERAYU OPAK;JAWA;;;;
347;BD177;LAU SIMEME;BBWS SUMATERA II;SUMATERA;;;;
98;BD178;GROKGAK;BWS BALI PENIDA;BALINUSRA;;;;
336;BD179;TAMBLANG;BWS BALI PENIDA;BALINUSRA;;;;
102;BD180;TITAB;BWS BALI PENIDA;BALINUSRA;;;;
100;BD181;BENEL;BWS BALI PENIDA;BALINUSRA;;;;
99;BD182;PALASARI;BWS BALI PENIDA;BALINUSRA;;;;
101;BD183;TELAGA TUNJUNG;BWS BALI PENIDA;BALINUSRA;;;;
309;BD184;TAPIN;BWS KALIMANTAN III;KALIMANTAN;;;;
105;BD185;SAMBOJA;BWS KALIMANTAN IV;KALIMANTAN;;;;
107;BD186;LEMPAKE;BWS KALIMANTAN IV;KALIMANTAN;;;;
103;BD187;BERIWIT;BWS KALIMANTAN V;KALIMANTAN;;;;
106;BD188;MERANCANG;BWS KALIMANTAN V;KALIMANTAN;;;;
338;BD189;LOLAK;BWS SULAWESI I;SULAWESI;;;;
321;BD190;LADONGI;BWS SULAWESI IV;SULAWESI;;;;
339;BD191;AMERORO;BWS SULAWESI IV;SULAWESI;;;;
11;BD192;KEULILING;BWS SUMATERA I;SUMATERA;;;;
10;BD193;LEUBOK;BWS SUMATERA I;SUMATERA;;;;
12;BD194;RAJUI;BWS SUMATERA I;SUMATERA;;;;
330;BD195;CIAWI;BBWS CILIWUNG CISADANE;JAWA;;;;
5;BD196;GINTUNG;BBWS CILIWUNG CISADANE;JAWA;;;;
331;BD197;SUKAMAHI;BBWS CILIWUNG CISADANE;JAWA;;;;
116;BD198;LABANGKA;BBWS NT I;BALINUSRA;;;;
189;BD199;LERE;BBWS NT II;BALINUSRA;;;;
185;BD200;RAKAWATU;BBWS NT II;BALINUSRA;;;;
181;BD201;OEL TUA;BBWS NT II;BALINUSRA;;;;
38;BD202;GRAWAN;BBWS PEMALI JUANA;JAWA;;;;
45;BD203;JATI BARANG;BBWS PEMALI JUANA;JAWA;;;;
104;BD204;MANGGAR;BWS KALIMANTAN IV;KALIMANTAN;;;;
340;BD205;SEPAKU SEMOI;BWS KALIMANTAN IV;KALIMANTAN;;;;
109;BD206;TERITIP;BWS KALIMANTAN IV;KALIMANTAN;;;;
108;BD207;BINALATUNG;BWS KALIMANTAN V;KALIMANTAN;;;;
335;BD208;KUWIL KAWANGKOAN;BWS SULAWESI I;SULAWESI;;;;
20;BD209;PAYA SEUNARA;BWS SUMATERA I;SUMATERA;;;;
9;BD210;SIANJO-ANJO;BWS SUMATERA I;SUMATERA;;;;
306;BD211;SEI GONG;BWS SUMATERA IV;SUMATERA;;;;
329;BD212;SEI PULAI;BWS SUMATERA IV;SUMATERA;;;;
