id;nama_bendungan;format
54;NAWANGAN;15 Harian
53;NGANCAR;15 Harian
320;PIDEKSO;15 Harian
51;PLUMBON;15 Harian
50;SONG PUTRI;15 Harian
201;JOMBOR;15 Harian
62;KEDUNG ULING;15 Harian
56;KRISAK;15 Harian
63;MULUR;15 Harian
55;PARANGJOHO;15 Harian
59;CENGKLIK;15 Harian
52;DELINGAN;15 Harian
58;KETRO;15 Harian
81;LALUNG;15 Harian
208;GEMBONG_;15 Harian
195;BLIMBING;15 Harian
60;BOTOK;15 Harian
196;BRAMBANG;15 Harian
57;GEBYAR;15 Harian
61;KEMBANGAN;15 Harian
307;GONDANG 2;15 Harian
316;BENDO;10 Harian
64;GONGGANG;10 Harian
74;TELAGA PASIR;10 Harian
311;TUKUL;10 Harian
75;DAWUHAN;10 Harian
71;KEDUNG BRUBUS;10 Harian
76;NOTOPURO;10 Harian
77;SARADAN;10 Harian
72;KEDUNG BENDO;10 Harian
66;PONDOK;10 Harian
69;SANGIRAN;10 Harian
67;GONDANG;10 Harian
318;GONGSENG;10 Harian
65;PACAL;10 Harian
70;PRIJETAN;10 Harian
97;BAJULMATI;10 Harian
87;SAMPEAN BARU;10 Harian
96;NIPAH;10 Harian
90;NGEPEH;10 Harian
319;TUGU;10 Harian
93;KEDUNG SENGON;10 Harian
92;ORO-ORO OMBO;10 Harian
333;SEMANTOK;10 Harian
91;SUMBER KEPUH;10 Harian
94;WR. JENGGOT/GROJOKAN;10 Harian
301;SINDANG HEULA;15 Harian
330;CIAWI;15 Harian
5;GINTUNG;10 Harian
331;SUKAMAHI;15 Harian
28;SITU BOLANG;15 Harian
27;SITU RANCA BEUREUM;15 Harian
30;JATIGEDE;15 Harian
25;SITU PATOK;15 Harian
26;SITU SEDONG;15 Harian
3;DARMA;15 Harian
315;KUNINGAN;15 Harian
29;MALAHAYU;15 Harian
332;SADAWARNA;15 Harian
8;BATU TEGI;15 Harian
314;WAY SEKAMPUNG;15 Harian
6;WAY JEPARA;15 Harian
7;WAY RAREM;15 Harian
173;JAMBU;15 Harian
169;KEMPO;15 Harian
167;KESI;15 Harian
171;LANANGGA;15 Harian
174;LASI II;15 Harian
303;MILA;15 Harian
162;SANEO;15 Harian
132;SANGGUPASANTE;15 Harian
114;SONCOLOPI;15 Harian
302;TANJU;10 Harian
130;TONDA SELATAN;15 Harian
170;KOWO;10 Harian
142;LAJU;10 Harian
149;NCERA;10 Harian
165;OI TOI;10 Harian
131;PARADO KANCA;10 Harian
150;PELAPERADO;10 Harian
157;ROI ROKA;15 Harian
151;SUMI;10 Harian
144;TOLOTANGGA;10 Harian
168;WORO;10 Harian
119;BATU BOKAH;10 Harian
197;GEGURIK;10 Harian
124;JANGKIH JAWE;10 Harian
202;JURANG DAO;10 Harian
175;KENGKANG;10 Harian
137;PANCOR;10 Harian
139;SEPIT;10 Harian
164;TELAGA LEBUR;10 Harian
122;TIBU KUNING;10 Harian
126;GUNUNG PAOK;10 Harian
199;JAGO;10 Harian
138;MAPASAN;10 Harian
194;BATU TULIS;10 Harian
125;BATUJAI;10 Harian
120;BRINGE;10 Harian
198;INEN RATU;10 Harian
133;JELANTIK;10 Harian
140;PARE;10 Harian
205;PEJANGGIK;10 Harian
118;PENGGA;10 Harian
129;SURABAYA;10 Harian
203;KEMBAR II;10 Harian
121;BATU NAMPAR;10 Harian
135;KALI UJUNG;10 Harian
136;LINGKOK LAMUN;10 Harian
141;PANDANDURI;10 Harian
134;PENEDA GANDOR;10 Harian
206;PROPOK BATU TINJA;10 Harian
123;SENANG;10 Harian
207;TUNDAK;10 Harian
323;BINTANG BANO;10 Harian
313;MANTAR;10 Harian
341;TIU SUNTUK;10 Harian
334;BERINGIN SILA;10 Harian
115;PENYARING;10 Harian
154;PERNEK;10 Harian
145;MAMAK;10 Harian
172;MENGKOANG;10 Harian
148;OLAT RAWA;10 Harian
147;PEMASAR;10 Harian
117;SERADING;10 Harian
193;BANDA;10 Harian
152;BATU BULAN;10 Harian
155;BRANGKOLONG;10 Harian
153;GAPIT;10 Harian
166;KASWANGI;10 Harian
116;LABANGKA;10 Harian
160;LAMENTA;10 Harian
127;MUER;10 Harian
156;SEJARI I;10 Harian
158;SELANTE;10 Harian
161;SEPAYUNG DALAM;10 Harian
146;TIU KULIT;10 Harian
312;NAPUNGETE;15 Harian
183;WAERITA;15 Harian
187;DANAU TUA;15 Harian
188;KAPALENGGA;15 Harian
189;LERE;Tidak Melayani
179;MANUBULU;15 Harian
182;MATASIO;15 Harian
184;KARINGA;15 Harian
186;LOKOJANGE;15 Harian
185;RAKAWATU;Tidak Melayani
181;OEL TUA;15 Harian
304;RAKNAMO;15 Harian
177;TILONG;15 Harian
346;TEMEF;15 Harian
178;BENKOKO;15 Harian
176;HAEKRIT;15 Harian
180;HALIWEN;15 Harian
190;PADANG PANJANG;15 Harian
305;ROTIKLOT;15 Harian
32;CACABAN;15 Harian
1;PENJALIN;15 Harian
44;BUTAK;15 Harian
31;KEDUNG OMBO;15 Harian
35;NGLANGON;15 Harian
43;SANGGEH;15 Harian
42;SIMO;15 Harian
39;BANYUKUWUNG;15 Harian
33;GEMBONG;15 Harian
38;GRAWAN;15 Harian
41;GRENENG;15 Harian
36;GUNUNG ROWO;15 Harian
34;LODAN;15 Harian
300;LOGUNG;15 Harian
37;PANOHAN;15 Harian
322;RANDU GUNTING;15 Harian
2;TEMPURAN;15 Harian
45;JATI BARANG;15 Harian
40;KLEGO;15 Harian
110;BILI BILI;15 Harian
112;KALOLA;15 Harian
310;PASELLORENG;10 Harian
113;SALOMEKKO;15 Harian
111;PONRE PONRE;15 Harian
317;KARALLOE;15 Harian
343;PAMUKKULU;15 Harian
48;SEMPOR;15 Harian
47;WADAS LINTANG;15 Harian
46;SERMO;15 Harian
347;LAU SIMEME;15 Harian
98;GROKGAK;15 Harian
336;TAMBLANG;15 Harian
102;TITAB;15 Harian
100;BENEL;15 Harian
99;PALASARI;15 Harian
101;TELAGA TUNJUNG;15 Harian
309;TAPIN;10 Harian
104;MANGGAR;15 Harian
340;SEPAKU SEMOI;15 Harian
105;SAMBOJA;15 Harian
109;TERITIP;15 Harian
107;LEMPAKE;15 Harian
108;BINALATUNG;15 Harian
103;BERIWIT;15 Harian
106;MERANCANG;15 Harian
338;LOLAK;15 Harian
335;Kuwil Kawangkoan;15 Harian
321;LADONGI;15 Harian
339;Ameroro;15 Harian
11;KEULILING;15 Harian
10;LEUBOK;15 Harian
20;PAYA SEUNARA;15 Harian
12;RAJUI;15 Harian
9;SIANJO-ANJO;15 Harian
306;SEI GONG;15 Harian
329;SEI PULAI;15 Harian
