id;nama_bendungan;2022-2023;2023-2024;2024-2025;2025-2026
54;NAWANGAN;Basah;Basah;Normal;Normal
53;NGANCAR;Basah;Normal;Normal;Normal
320;PIDEKSO;Basah;Normal;Normal;Normal
51;PLUMBON;Basah;Normal;Normal;Normal
50;SONG PUTRI;Basah;Normal;Normal;Normal
201;JOMBOR;Basah;Normal;Basah;Normal
62;KEDUNG ULING;Basah;Normal;Normal;Normal
56;KRISAK;Kering;Normal;Normal;Normal
63;MULUR;Normal;Normal;Basah;Normal
55;PARANGJOHO;Basah;Normal;Normal;Normal
59;CENGKLIK;Normal;Normal;Normal;Basah
52;DELINGAN;Normal;Normal;Normal;Normal
58;KETRO;Normal;Normal;Normal;Basah
81;LALUNG;Normal;Normal;Normal;Normal
208;GEMBONG_;Normal;Normal;Basah;Basah
195;BLIMBING;Normal;Normal;Normal;Basah
60;BOTOK;Normal;Normal;Basah;Normal
196;BRAMBANG;Normal;Normal;Normal;Basah
57;GEBYAR;Normal;Normal;Basah;Normal
61;KEMBANGAN;Normal;Normal;Normal;Basah
307;GONDANG 2;Normal;Normal;Basah;Normal
316;BENDO;Basah;Normal;Normal;Normal
64;GONGGANG;Basah;Normal;Normal;Normal
74;TELAGA PASIR;Basah;Normal;Normal;Normal
311;TUKUL;Basah;Kering;Normal;Normal
75;DAWUHAN;Basah;Normal;Basah;Normal
71;KEDUNG BRUBUS;Normal;Normal;Basah;Normal
76;NOTOPURO;Normal;Normal;Basah;Normal
77;SARADAN;Normal;Normal;Basah;Normal
72;KEDUNG BENDO;Normal;Normal;Basah;Normal
66;PONDOK;Normal;Normal;Basah;Normal
69;SANGIRAN;Normal;Normal;Basah;Normal
67;GONDANG;Normal;Normal;Basah;Normal
318;GONGSENG;Basah;Normal;Basah;Normal
65;PACAL;Basah;Normal;Basah;Normal
70;PRIJETAN;Basah;Normal;Basah;Normal
97;BAJULMATI;Normal;Normal;Normal;Basah
87;SAMPEAN BARU;Basah;Normal;Normal;Normal
96;NIPAH;Basah;Normal;Basah;Normal
90;NGEPEH;Basah;Normal;Normal;Basah
319;TUGU;Basah;Normal;Normal;Normal
93;KEDUNG SENGON;Basah;Normal;Basah;Normal
92;ORO-ORO OMBO;Basah;Normal;Basah;Normal
333;SEMANTOK;Basah;Normal;Basah;Normal
91;SUMBER KEPUH;Basah;Normal;Basah;Normal
94;WR. JENGGOT/GROJOKAN;Basah;Normal;Normal;Normal
301;SINDANG HEULA;Basah;Kering;Normal;Normal
330;CIAWI;Normal;Normal;Normal;Normal
5;GINTUNG;Normal;Normal;Basah;Basah
331;SUKAMAHI;Normal;Normal;Normal;Normal
28;SITU BOLANG;Normal;Normal;Normal;Basah
27;SITU RANCA BEUREUM;Normal;Normal;Normal;Basah
30;JATIGEDE;Normal;Normal;Basah;Basah
25;SITU PATOK;Normal;Normal;Normal;Basah
26;SITU SEDONG;Normal;Normal;Normal;Basah
3;DARMA;Normal;Normal;Normal;Basah
315;KUNINGAN;Normal;Normal;Normal;Basah
29;MALAHAYU;Normal;Kering;Normal;Normal
332;SADAWARNA;Normal;Normal;Normal;Basah
8;BATU TEGI;Normal;Normal;Normal;Normal
314;WAY SEKAMPUNG;Normal;Kering;Normal;Normal
6;WAY JEPARA;Normal;Kering;Normal;Normal
7;WAY RAREM;Normal;Normal;Normal;Normal
173;JAMBU;Basah;Normal;Basah;Normal
169;KEMPO;Normal;Normal;Normal;Normal
167;KESI;Normal;Normal;Normal;Normal
171;LANANGGA;Basah;Normal;Basah;Normal
174;LASI II;Normal;Normal;Normal;Normal
303;MILA;Basah;Normal;Basah;Normal
162;SANEO;Normal;Normal;Normal;Normal
132;SANGGUPASANTE;Normal;Normal;Normal;Normal
114;SONCOLOPI;Basah;Normal;Basah;Normal
302;TANJU;Basah;Normal;Basah;Normal
130;TONDA SELATAN;Basah;Normal;Basah;Normal
170;KOWO;Normal;Normal;Normal;Normal
142;LAJU;Normal;Normal;Basah;Basah
149;NCERA;Normal;Normal;Basah;Basah
165;OI TOI;Normal;Normal;Normal;Normal
131;PARADO KANCA;Normal;Normal;Normal;Normal
150;PELAPERADO;Basah;Normal;Basah;Normal
157;ROI ROKA;Normal;Normal;Basah;Basah
151;SUMI;Normal;Normal;Normal;Normal
144;TOLOTANGGA;Normal;Normal;Normal;Normal
168;WORO;Basah;Normal;Basah;Normal
119;BATU BOKAH;Normal;Normal;Normal;Normal
197;GEGURIK;Normal;Normal;Normal;Basah
124;JANGKIH JAWE;Normal;Normal;Normal;Normal
202;JURANG DAO;Normal;Normal;Normal;Normal
175;KENGKANG;Normal;Normal;Normal;Normal
137;PANCOR;Normal;Normal;Normal;Normal
139;SEPIT;Normal;Normal;Normal;Normal
164;TELAGA LEBUR;Normal;Normal;Normal;Normal
122;TIBU KUNING;Normal;Normal;Normal;Normal
126;GUNUNG PAOK;Normal;Normal;Normal;Normal
199;JAGO;Normal;Normal;Normal;Normal
138;MAPASAN;Normal;Normal;Normal;Normal
194;BATU TULIS;Normal;Normal;Normal;Normal
125;BATUJAI;Normal;Normal;Normal;Normal
120;BRINGE;Normal;Normal;Normal;Normal
198;INEN RATU;Normal;Normal;Normal;Normal
133;JELANTIK;Normal;Normal;Normal;Normal
140;PARE;Normal;Normal;Normal;Normal
205;PEJANGGIK;Normal;Normal;Normal;Normal
118;PENGGA;Normal;Normal;Normal;Normal
129;SURABAYA;Normal;Normal;Normal;Normal
203;KEMBAR II;Normal;Normal;Normal;Normal
121;BATU NAMPAR;Normal;Normal;Normal;Normal
135;KALI UJUNG;Normal;Normal;Normal;Normal
136;LINGKOK LAMUN;Normal;Normal;Normal;Normal
141;PANDANDURI;Normal;Normal;Normal;Normal
134;PENEDA GANDOR;Normal;Normal;Normal;Normal
206;PROPOK BATU TINJA;Normal;Normal;Normal;Normal
123;SENANG;Normal;Normal;Normal;Normal
207;TUNDAK;Normal;Normal;Normal;Normal
323;BINTANG BANO;Basah;Normal;Basah;Normal
313;MANTAR;Normal;Normal;Normal;Normal
341;TIU SUNTUK;Normal;Normal;Normal;Normal
334;BERINGIN SILA;Normal;Normal;Normal;Normal
115;PENYARING;Normal;Normal;Normal;Normal
154;PERNEK;Normal;Normal;Normal;Normal
145;MAMAK;Normal;Normal;Normal;Normal
172;MENGKOANG;Normal;Normal;Normal;Normal
148;OLAT RAWA;Normal;Normal;Normal;Normal
147;PEMASAR;Normal;Normal;Normal;Normal
117;SERADING;Normal;Normal;Normal;Normal
193;BANDA;Normal;Normal;Normal;Normal
152;BATU BULAN;Normal;Normal;Normal;Normal
155;BRANGKOLONG;Normal;Normal;Normal;Normal
153;GAPIT;Normal;Normal;Normal;Normal
166;KASWANGI;Normal;Normal;Normal;Normal
116;LABANGKA;Normal;Normal;Normal;Normal
160;LAMENTA;Normal;Normal;Normal;Normal
127;MUER;Normal;Normal;Normal;Normal
156;SEJARI I;Normal;Normal;Normal;Normal
158;SELANTE;Normal;Normal;Normal;Normal
161;SEPAYUNG DALAM;Normal;Normal;Normal;Normal
146;TIU KULIT;Normal;Normal;Normal;Normal
312;NAPUNGETE;Kering;Normal;Basah;Normal
183;WAERITA;Normal;Normal;Basah;Normal
187;DANAU TUA;Kering;Normal;Basah;Basah
188;KAPALENGGA;Kering;Normal;Basah;Basah
189;LERE;Kering;Kering;Normal;Normal
179;MANUBULU;Kering;Normal;Basah;Basah
182;MATASIO;Kering;Normal;Basah;Basah
184;KARINGA;Normal;Normal;Basah;Normal
186;LOKOJANGE;Normal;Normal;Basah;Normal
185;RAKAWATU;Normal;Normal;Basah;Normal
181;OEL TUA;Normal;Normal;Basah;Basah
304;RAKNAMO;Normal;Normal;Basah;Basah
177;TILONG;Normal;Normal;Basah;Basah
346;TEMEF;Normal;Kering;Normal;Basah
178;BENKOKO;Normal;Normal;Basah;Normal
176;HAEKRIT;Normal;Kering;Normal;Normal
180;HALIWEN;Normal;Kering;Normal;Normal
190;PADANG PANJANG;Normal;Normal;Basah;Normal
305;ROTIKLOT;Normal;Kering;Normal;Normal
32;CACABAN;Normal;Normal;Normal;Normal
1;PENJALIN;Kering;Normal;Normal;Normal
44;BUTAK;Normal;Normal;Normal;Basah
31;KEDUNG OMBO;Normal;Normal;Normal;Basah
35;NGLANGON;Normal;Normal;Normal;Basah
43;SANGGEH;Normal;Normal;Basah;Normal
42;SIMO;Normal;Normal;Normal;Basah
39;BANYUKUWUNG;Normal;Normal;Normal;Normal
33;GEMBONG;Normal;Kering;Basah;Normal
38;GRAWAN;Normal;Normal;Normal;Normal
41;GRENENG;Normal;Normal;Normal;Normal
36;GUNUNG ROWO;Normal;Kering;Basah;Normal
34;LODAN;Normal;Normal;Normal;Basah
300;LOGUNG;Normal;Kering;Basah;Normal
37;PANOHAN;Normal;Normal;Normal;Normal
322;RANDU GUNTING;Normal;Normal;Normal;Normal
2;TEMPURAN;Normal;Normal;Normal;Normal
45;JATI BARANG;Normal;Normal;Normal;Normal
40;KLEGO;Normal;Normal;Normal;Basah
110;BILI BILI;Normal;Normal;Basah;Normal
112;KALOLA;Normal;Normal;Basah;Normal
310;PASELLORENG;Normal;Normal;Basah;Normal
113;SALOMEKKO;Normal;Normal;Normal;Normal
111;PONRE PONRE;Normal;Normal;Basah;Basah
317;KARALLOE;Normal;Normal;Normal;Normal
343;PAMUKKULU;Normal;Normal;Normal;Normal
48;SEMPOR;Normal;Normal;Normal;Normal
47;WADAS LINTANG;Basah;Normal;Normal;Normal
46;SERMO;Basah;Normal;Normal;Normal
347;LAU SIMEME;Normal;Basah;Normal;Kering
98;GROKGAK;Normal;Normal;Basah;Normal
336;TAMBLANG;Normal;Normal;Basah;Normal
102;TITAB;Normal;Normal;Normal;Normal
100;BENEL;Basah;Normal;Normal;Normal
99;PALASARI;Normal;Normal;Basah;Normal
101;TELAGA TUNJUNG;Basah;Normal;Normal;Normal
309;TAPIN;Normal;Normal;Normal;Normal
104;MANGGAR;Normal;Normal;Normal;Normal
340;SEPAKU SEMOI;Basah;Normal;Basah;Normal
105;SAMBOJA;Normal;Normal;Normal;Normal
109;TERITIP;Normal;Normal;Normal;Normal
107;LEMPAKE;Normal;Normal;Normal;Normal
108;BINALATUNG;Normal;Normal;Normal;Normal
103;BERIWIT;Basah;Normal;Normal;Normal
106;MERANCANG;Normal;Normal;Normal;Normal
338;LOLAK;Normal;Normal;Normal;Normal
335;KUWIL KAWANGKOAN;Normal;Normal;Basah;Normal
321;LADONGI;Normal;Basah;Basah;Normal
339;AMERORO;Normal;Basah;Basah;Normal
11;KEULILING;Normal;Normal;Normal;Normal
10;LEUBOK;Normal;Normal;Normal;Normal
20;PAYA SEUNARA;Normal;Normal;Normal;Normal
12;RAJUI;Normal;Normal;Normal;Normal
9;SIANJO-ANJO;Normal;Normal;Basah;Normal
306;SEI GONG;Basah;Normal;Normal;Kering
329;SEI PULAI;Normal;Kering;Normal;Normal
